Gene ID,UniProt Accession
7052,Q16436; Q9H035; B4DTN7; B4DIT7; Q9BTN7; Q9UH35; E1P5V9; V9HWG3; P21980; Q6B838
6009,A0A090N900; Q53Y56; D3DX13; B3KWN6; Q99444; Q15382
10376,Q27I68; P68363; P05209; Q8WU19; P04687
60,Q64316; P60709; Q96HG5; Q1KLZ0; Q75MN2; Q96B34; P02570; P99021; Q11211; P70514
2,Q59F47; Q6PN97; Q13677; Q6PIY3; Q68DN2; Q5QTS0; P01023
351,Q9UC33; Q13764; A0A140VJC8; Q9BT38; B4DJT9; Q16011; Q16019; Q9UCD1; P09000; A0A0A0MRG2; Q16020; D3DSD3; P05067; B4DII8; P78438; Q9UQ58; Q13778; B2R5V1; Q6GSC0; Q9UCB6; Q16014; D3DSD2; Q8WZ99; B4DGD0; Q13793; Q9UCC8; D3DSD1; E9PG40; Q9UCA9
11140,Q16543; A0A024R7B7; Q53YA2
3586,Q6FGW4; P22301
1915,P04720; P04719; Q6IQ15; P68104; Q6IPS9
10856,Q6FIB9; Q9Y361; B3KNL2; Q9Y230; Q6PK27; E7ETE5; B3KQ59
71,P14104; A8K7C2; P02571; Q96E67; Q5U032; P99022; P63261
857,Q7Z4F3; Q9UQH6; A0A024R757; Q9UNG1; Q2TNI1; Q03135; Q9UGP1; A9XTE5; Q59E85
790,F8VPD4; D6W552; P27708; Q96CK3; Q6P0Q0
3192,Q96BA7; Q8N174; Q9BQ09; Q96HY9; Q00839; O75507
8607,Q9BSX9; E7ETR0; P82276; Q1KMR0; B3KRS7; Q53HL7; B2R5S0; Q9Y265; Q53Y27; Q53HK5
4736,Q5TZT6; P62906; P53025; P52859; A0A024RCW3; B2R801; Q8J013
10576,B5BTY7; Q6IAT3; V9HW96; P78371; B7Z243; B7ZAT2; Q14D36; A8K402; B7Z7K4
5430,Q6NX41; P24928; B9EH88; A6NN93
5879,A4D2P1; A4D2P0; Q5JAA8; Q9BTB4; P63000; P15154; Q3Y4D3; O95501
2064,B2RZG3; Q14256; Q9UMK4; P04626; X5D2V5; X5DNK3; J3QLU9; B4DHN3; Q6LDV1; F5H1T4
7168,D9YZV5; F5H7S3; Q86W64; D9YZV8; P09494; P10469; Q6DV90; A0A0K0K1I0; Q9UCY9; Q6DV89; B7Z5T7; Q9UCI2; Q6ZN40; B7Z722; P09493; Q9UCI1; D9YZV7; D9YZV2; D9YZV3; H0YK48; Q96IK2; Q9Y427; Q7Z6L8; A0A024R5W6; D9YZV4; H7BYY1; O15513; B7Z596
1488,D3DRF5; Q8IY44; Q5SQP7; Q69YI3; O43449; Q86SV0; Q5SQP8; Q9H2T8; A8K2X5; P56545
6456,Q99962; Q7Z376; B2R618; Q9NQK5
6210,Q9BV24; Q3MHD9; P39027; P62244; P39031; B2R4W8; Q8C023
3309,P11021; B0QZ61; Q2EF78; V9HWB4; Q9UK02; Q9NPF1
5756,B3KXS6; B4DLX9; Q86XL6; Q59G07; Q8TCD3; Q6FHL6; Q6NUK9; A8K5A8; Q5U0B1; Q12792; Q6FHJ1
5093,Q15365; Q13157; Q53SS8; Q14975
3312,P11142; V9HW22; Q9H3R6; Q53HF2
3105,Q9TQP5; P04439; Q9GJE7; Q9TPR8; P30443; O78171; O77964; O19546; Q9GJE8; Q9MYA3; B1PKY1; Q9MYG4; O78126; Q65A82; Q5SUL5; B2R7U3; Q9TP25; O19756; Q9GJE6; Q9MYE6
6202,Q6IRL7; P09058; Q5JR94; P62241
10694,P50990; Q4VBP8; Q7Z759; B4DEM7; B4DQH4; A6NN54
6205,B2R4F5; Q498Y6; Q6IRY0; P62280; P04643
158,P30566; O75495; B0QY76; Q5TI34; X5D8S6; A0A1B0GWJ0; X5D7W4
6188,Q498B5; B2R7N5; P23396; J3KN86; Q8NI95
3315,Q9UC36; V9HW43; B2R4N8; Q96EI7; Q9UC35; Q6FI47; Q9UC34; Q96C20; Q9UC31; P04792
2923,Q8IYF8; Q13453; Q14255; Q9UMU7; P30101; V9HVY3
3329,P10809; Q38L19; Q9UCR6; B2R5M6; B7Z712; A0A024R3X4
8833,P49915; F8W720; A0A140VJK6; B4DXV7; A8K639
6139,B2R4H3; Q7M4M5; B5ME31; A0A024R261; Q3KQW2; P18621; B4E3C2; J3QL51; Q6NZ54
9775,A0A024R8W0; Q6IBQ2; P38919; Q15033; Q96A18
10294,A0A024R6S1; O14711; O60884; B2R7L7
2618,A8K945; P22102; D3DSF4; D3DSF3; Q52M77; A8KA32; O14659; Q59HH3
10971,Q567U5; Q9UP48; P27348; D6W4Z5; Q5TZU8
3303,P19790; Q5SP17; Q9UQM0; Q9UQL9; B4E3B6; Q5JQI4; P0DMV8; P0DMV9; A8K5I0; P08107; B3KTT5
5111,P12004; B2R897; D3DW02
1938,D6W618; P13639; B2RMP5; Q58J86
9967,Q9Y2W1; D3DPS5; Q5VTK6
4012,Q9TNQ3; Q9TNQ2; Q9UIQ6; Q9UIQ7; Q15145; Q59H76; O00769
1175,P53680; M0QYZ2; O75977; B2R4Z4; Q6PK67; M0R0N4; X6R390
1213,A0A087WVQ6; D3DU00; Q00610; Q6N0A0; Q86TF2
3848,P86104; Q6GSJ0; B2RA01; Q9H298; P04264; Q14720; P85925
6147,P39024; Q92774; B2R5B2; P29316; P62750
6133,Q53Z07; P32969
6184,D3DNB6; B2R5Z0; Q68DT1; P04843
6135,Q9Y674; P62913; P39026; P25121; Q8TDH2
6194,Q4VBY7; Q8N6Z7; P08227; P10660; A2A3R6; P62753
311,Q5T0G8; B4DVE7; P50995
6128,Q8WW97; A0A024RBK3; Q8TBK5; Q02878; Q2M3Q3
6125,Q9H3F4; A2RUM7; Q53HH6; P46777; Q32LZ3
3320,Q86SX1; Q5CAQ6; Q9BVQ5; Q5CAQ7; A8K500; K9JA46; P07900; Q2PP14; B3KPJ9
6191,B2R491; P27576; Q14727; P55831; Q6IPY4; P62701; P12750; P12631
6130,Q5T8U4; P62424; P11518
6223,P39019; B0ZBD0
6124,A8K502; P36578; Q969Z9; P39029; Q4VBR0
6129,P18124; A8K504; A8MUD9; Q15289; Q3KQU0; Q5I0X1; Q6IBM9
9349,Q29246; P23131; P24048; A0A024R1Q8; Q6P5S1; P62829; Q3SWV7
6138,A0A024R2Q4; P41051; Q8WYP2; Q96C44; Q6IPX6; P39030; Q9H2E5; Q642I1; P61313; Q5U0C0
6228,P62266; Q6IB08; P39028
387,Q53HM4; Q9BVT0; Q9UDJ0; Q9UEJ4; C9JRM1; P61586; Q5U024; C9JX21; P06749; B4DKN9; A0A024R324
6229,Q5T0P8; A0A2R8Y849; E7EPK6; Q7Z3D1; Q5T0P7; P16632; P62847
6189,B2R4D4; P61247; B7Z3M5; P33443; D3DP05; P49241
1474,Q540N7; Q15828
6277,Q5RHS4; P06703; D3DV39
5160,Q53H41; Q9NP12; A0A024RBX9; Q9UNG4; A5YVE9; B7Z3X5; B7Z3T7; P08559; B2R5P7; Q5JPT8; Q9UNG5; Q9UBJ8; Q9UBU0
841,Q53TT5; Q14795; Q8TDI2; Q9C0K4; Q9UQ81; Q14791; Q96T22; Q8TDI4; Q14790; Q8TDI5; Q15806; A0A024R3Z8; O14676; Q8TDI1; Q14792; Q8TDI3; Q14794; Q15780; Q14793; Q14796
10010,Q92844; Q6NW12; B2R7S3; Q7Z4J6; D3DPB5; Q92885
329,Q16516; Q13490; B4E026; Q4TTG0
27429,Q9P0Y4; Q9P0Y3; O43464; Q9HBZ4
10642,Q9NZI8; C9JT33
8737,A0AV89; Q13180; B4E3F9; A0A024QZU0; B2RAG1; Q13546; Q59H33
7189,A8KAB3; Q8NEH5; D3DR16; Q9Y4K3; A6NKI7
7316,Q91888; Q9BX98; Q9BWD6; P0CG48; Q9UPK7; P02250; Q9UEF2; P62988; Q6LBL4; P02249; Q6LDU5; Q29120; Q91887; Q9UEG1; Q9UEK8; P02248; Q8WYN8
9641,Q3B754; Q3KR43; Q5JTS6; Q14164; D3DT78; A0A075B7B4
7187,Q13076; Q6AZX1; B7Z8C4; Q12990; Q13947; A6NHG8; Q9UNL1; Q13114
7186,A0A024R8H5; Q96NT2; B4DPJ7; Q7Z337; A8K107; Q12933
7334,P61088; Q53Y81; Q16781
10273,Q9HBT1; Q9UNE7; A2IDB9; O60526; Q969U2
55072,A0A962; Q8TEI0; Q86VI2; Q96GB4; Q96NF1; Q9NWD2; Q9H5F1; Q96EP0
8517,A0A087X1B1; Q7LBY6; Q7Z7F1; Q9Y6K9
7128,E1P588; Q2HIX9; P21580; B2R767; Q9NSR6; Q5VXQ7
998,Q9UDI2; P60953; P21181; P25763; A0A024RAE4; Q7L8R5; A0A024RAE6
23542,Q9UKQ4; Q9NZ59; Q13387; Q96G62; Q99771
6222,P25232; P62269; Q6IPF8; Q5SUJ3
1500,Q6DHZ7; Q9UP73; O60713; O60935; Q9UP72; O60715; O15088; O60714; Q9UP71; O60716; A8K939; Q6RBX8
9146,Q9NR36; O14964; A0A0S2Z4R4
4176,Q96D34; E9PGN9; A0A0S2Z4A5; A4D2A2; C6EMX8; P33993; A4D2A1; Q15076; Q96GL1
1191,B2R9Q1; B3KSE6; P10909; Q5HYC1; P11381; Q2TU75; P11380; Q7Z5B9
9655,Q8IYZ4; O75159; Q53SD4
509,B4DL14; Q6I9V2; Q8TAS0; Q96AS8; A8KA31; Q5VYP3; P36542
80125,A8K3U4; A8MVU9; A8MPQ6; Q8N5R6; B3KQ49; A8MV61; Q8TAX6; Q9H5Q6
10524,Q92993; C9JL99; Q17RW5; B4E3C7; Q13430; Q561W3; Q6GSE8; A0A024R5E8; Q9BWK7; A0A024R597; O95624
6204,Q5TZC0; B2R4E3; P46783
3915,Q6NVY8; Q5VYE7; P11047
633,P13247; D3DWU3; P21810; B4DNL4
23118,B4DIR9; Q6I9W8; Q9UFP7; B2RCC4; E1P5A0; Q9NYJ8; Q76N06; O94838
991,Q12834; D3DPJ1; Q9BW56; Q5JUY4; B2R6Z6; Q9UQI9
11091,Q9UGP9; Q9NWX7; Q91VA5; P61964
6231,Q3MHD8; P70394; P02383; A0A024RB14; Q06722; P62854; Q6IRY4
10492,Q8IW78; O60506; Q8N599; Q59GL1; E1P502; Q96LC1; Q53H05; Q5TCG2; Q5TCG3; Q9Y583; E1P501; Q96LC2
6464,Q5T184; Q5T180; B5BU19; P29353; Q96CL1; Q8N4K5; D3DV78; Q5T186; O15290; Q5T183; Q5T185
10382,P04350; Q969E5; B3KQP4
8878,A6NFN7; Q9BUV7; Q13501; B2R661; B3KUW5; Q13446; Q9BVS6; Q9UEU1
8717,B2RDS3; Q15628; Q52NZ1; B3KQZ9
9425,Q0VDG7; B4DLG4; Q32NC5; A8K6D6; Q6P7T5; Q9Y424; Q5VX99; Q9Y232; Q9BWZ2
7358,O60589; B3KUU2; O60701; B4DN25
1616,O15141; O14747; F5H082; F5ANJ7; Q53F85; Q9UER7; B4E1C1; F5ANJ6; Q5STK9; A0A024RCS3; B4E1I3; O15208; Q9BWI3
355,Q16652; Q14295; Q5T9P2; Q6SSE9; B6VNV4; Q14294; Q5T9P1; Q59FU8; P25445; A9UJX4; K9J972; Q5T9P3; Q14292; Q14293
7132,A8K4X3; B2RDE4; J9PH39; B3KPQ1; P19438; B4E309; B4DQB7; Q9UCA4; D3DUR1; B5M0B5
22836,O94955; Q8IW06; A8K1W9; A0PJA4
94097,B4DIJ8; Q8TD22; Q53T29; Q494Y3; B8ZZJ6; A8K116
8772,Q14866; Q6IBR4; Q13158
23164,Q6DHW2; Q6WCQ1; Q3KQZ5; Q5FB94; Q7Z5Y2; Q8N390; Q96G40; Q8N236
7205,O15170; F2ZC08; Q15654; F2ZC07; Q9BXP3; A4D2E7; Q9UNT4; O15275; Q9BUE5; Q9BTB2
10276,Q5SQI5; Q12773; Q99903; Q5SQI7; Q96D82; Q7Z628; Q9UEN6
6275,P26447; A8K7R8; D3DV46; Q6ICP8
4637,P24573; Q6IPY5; Q6IAZ0; Q12790; P24572; P16475; P60660; Q561V9
4641,Q86Y95; O00159; Q4LE56; Q6NVJ7
6122,Q96QL0; Q15548; Q5I0G0; B3KS36; B2RDV9; P39023
4131,Q6PJD3; Q86X89; P46821; A2BDK6; A2BDK5
2316,Q6NXF2; E9PHF0; Q5HY55; Q5HY53; Q8NF52; P21333; E9KL45; Q60FE5
3313,Q53H23; B2RCM1; Q6GU03; P30036; Q9BWB7; P31932; Q9UC56; P38646; Q1HB43
4792,B2R8L6; P25963
55681,A0A0U1RQQ9; A8KAB5; Q96ST4; Q6P3W7; Q9NVH3; Q96EF4; Q9P2I7; Q9H7V5
3716,Q59GQ2; P23458; Q9UD26; Q6P669
7171,P67936; Q9BU85; Q9UCS1; Q9UCS4; Q5U0D9; V9HW56; Q15659; Q9UCS3; Q9H8Q3; P07226; A0A2R8Y5V9; Q9UCS2
4869,Q5EU96; Q5EU97; Q13440; Q96DC4; P08693; Q96EA5; Q12826; Q5EU95; Q6V962; A0A0S2Z491; Q96AT6; D3DQL6; Q13441; Q9BYG9; Q9UDJ7; A8K3N7; Q5EU99; A0A0S2Z4G7; Q5EU98; B5BU00; A0A140VJQ2; P06748; Q5EU94; Q8WTW5; Q14115
3190,Q07244; P61978; Q15671; Q96J62; B4DUQ1; Q59F98; Q6IBN1; Q60577; Q922Y7; Q5T6W4
6218,B2R4U4; P0CW22; P08708
6146,Q6IBD1; P35268; B2R495
4905,A8K2D9; Q8N6D7; P46459; B4DFA2; Q9UKZ2
6949,Q99860; Q7Z5W9; A0JLU0; B4E111; B4DRA2; Q6SC72; E7ETY2; Q13428; H0Y8Y7; Q99408; Q96A52
4627,O60805; P35579; Q60FE2; Q86T83; A8K6E4; A0A024R1N1
10048,Q96S59; B2R8E1; A0PJA2; Q7LBR2; O94764; A0A024QZW3; Q7Z7F9; Q6P3T7
808,P70667; Q53S29; Q61379; P0DP25; P99014; Q96HK3; P0DP23; Q61380; Q13942; Q9BRL5; P0DP24; Q96HY3; P62158; P02593; B4DJ51
8971,Q92522
4670,Q59ES8; Q8WZ44; P52272; Q9BWL9; Q15584; Q96H56; Q9Y492
31,Q7Z564; Q13085; B2RP68; Q7Z563; Q6XDA8; Q7Z5W8; B2ZZ90; Q7Z561; Q86WB3; Q6KEV6; Q7Z2G8; Q86WB2; A0A024R0Y2
203068,B4DQN9; B4DMJ5; P07437; B4DY90; Q5SU16; Q5ST81; Q8WUC1; Q9CY33; P05218
7277,B3KNQ6; P05215; P68366; A8MUB1
5606,Q99441; Q9UE71; B3KSK7; Q9UE72; Q6FI23; P46734
23524,Q9UQ40; Q8IW17; Q9UQ35; A0A140VK53; Q9UQ38; O15038; Q6PIM3; Q96GY7; Q9UQ36; Q9P0G1; Q6NSL3; Q6PK40; Q9UQ37; A6NKB9; O94803; Q9UHA8; D3DU97
498,Q96HW2; Q9BTV8; Q53XX6; K7ENP3; A8K092; Q96IR6; B4DY56; Q8IXV2; V9HW26; P25705; Q96FB4
79084,B4DP38; Q96GK4; B3KMW6; Q6JZZ5; Q9BQA1; Q3LID2; Q53FU2; Q9BWY3; A0A024R0H7
4691,Q53SK1; Q9UDG1; A0A024R4A0; Q8NB06; B3KM80; P19338; Q9UCF0
5296,Q5EAT5; Q9UPH9; O00459
29766,B2R6G7; Q9NZR0; Q9NYL9; Q9NT43
10189,E9PB61; Q86V81; O43672
5315,B2R5N8; B4DNK4; P14618; Q53GK4; V9HWB8; B3KRY0; A0A024R5Z9; A6NFK3; B4DUU6; Q9UCV6; Q9UPF2; P14786; Q96E76; Q9BWB5; B4DFX8
7531,Q63631; P62258; V9HW98; D3DTH5; B3KY71; P29360; Q4VJB6; P42655; Q53XZ5; Q7M4R4
3006,A8K4I2; P16403
7417,B4DKM5; A0A024QZT0; Q5VWK3; Q6IB40; Q9Y5I6; Q5VWK1; Q9BWK8; P45880; Q7L3J5
6154,P61254; Q6IPY2; B2R4F0; D3DTR8; Q02877
821,D3DWQ3; B4DGP8; B2R5V8; P27824; B4E2T8; D6R9K3
7458,A8K3R1; D3DXF6; Q15056; D3DXF8
4722,O75489; B2R9J1; Q9UNQ8; B4DFM8
10989,Q9P0V2; Q14539; Q15092; Q7Z3X1; Q69HW5; Q6IBL0; B1H0U5; Q68D41; Q8TAJ5; B2R5N6; Q16891
3326,B4DGL0; Q9NTK6; P08238; Q5T9W7; A0A024RD80; Q6PK50; B2R5P0; Q9NQW0
30968,A0A087WYB4; B4E1K7; D3DRN3; O60376; Q96FY2; Q53G29; Q9P042; Q9UJZ1
3416,Q5T5N2; D3DR35; B3KSB8; B2R721; B7ZAU2; P14735
26135,Q63HR1; Q8NC51; Q8WUH0; Q5VU20; Q9BTY3; Q9Y367; Q5VU19; Q96SE2; Q9Y4S3; Q9BUM4; Q5VU22; Q5VU21
26986,Q15097; Q93004; P11940
3698,Q14659; Q5T986; P19823; Q15484
6742,Q04837; B7WNJ6; A4D1U3; B7Z268
481,Q5TGZ3; A3KLL5; P05026
2673,Q53QE6; Q06210; Q9BXF8
29110,A8K4S4; Q8IYV3; Q9UHD2; Q9NUJ5
5591,P78527; Q13327; P78528; Q9UME3; Q13337; Q14175; Q59H99; Q7Z611; Q96SE6
163,Q7Z451; P63010; Q96EL6; A6NJP3; A0A140VJE8; P21851; Q96J19
2280,A0A087WTS4; Q6FGD9; Q6LEU3; D3DVW6; P20071; Q9H566; Q0VDC6; Q9H103; P62942; Q4VC47
5605,P36507
657,Q8NEN8; A8K6U9; P36894
1025,Q96TF1; Q5JU25; A0A024R880; Q5JU24; P50750; Q5U006
7284,O15276; P49411
6576,P53007; A8K8E8; Q9BSK6; D9HTE9; B4DP62
10383,A2BFA2; P68371; P05217
1654,O15536; A0A2R8YFS5; A0A2R8Y7T2; A8K538; A0A2R8YDT5; O00571; B4E3E8
5705,P52916; P47210; A8K763; O35051; A8K3Z3; O43208; P62195; P52915; A0A140VJS3
2058,Q5DSM1; A0AVA9; Q6PD57; Q5H9S5; Q86X73; P07814; B9EGH3; Q05BP6; Q05DF8
3301,B7Z5C0; Q5T7Q0; P31689; Q86TL9
1315,Q9UNW7; Q9NTK2; P53618; D3DQX0; Q6GTT7
908,Q75LP4; A0A024RDL1; P40227; A6NCD2; Q96S46; Q3KP28
5702,Q3B757; Q96HD3; Q6IBS1; P17980; Q6GPG8; Q3B865; B2R8V1; A0A140VK42; Q53HU5
23521,Q8J015; A8K505; P40429
9669,Q9UF81; O95805; O60841; Q8N5A0; Q53SI8; Q9UMN7; Q53RV7
10133,Q8N562; Q9UEV4; Q7LDL9; Q96CV9; Q9Y218; D3DRS8; Q5T672; Q5T675; B3KP00; Q9UET9; Q5T673; Q5T674; D3DRS4
1655,P17844; E7ETL9; J3KTA4; B5BU21; Q53Y61; O75681; B4DLW8; D3DU32
6727,B5BUF5; Q96Q14; Q6B0K5; P37108
54994,E1P5I3; Q9NWU2; Q8N5M5
10075,Q8NG67; Q9P0A9; Q9HCJ4; Q5H961; Q6P4D0; O15029; Q4G2Z2; Q9BUI0; Q9NSL6; A0A024R9W5; Q7Z6Z7
5052,B5BU26; Q2V576; Q5T154; Q5T155; Q06830; D3DPZ8; P35703
3655,B2RMU9; B4DKB8; Q08443; Q53RX7; Q16508; Q0MRC7; B4DG69; G5E9H1; Q9UN03; P23229; C4AM96; Q59HB7; Q86VL6; Q9UCT1; Q14646
114294,P83096; P83111
29927,Q8NC71; P61619; B3KME8; Q9Y2R3; P57726; Q8N0Z4; B3KNF6; Q9BU16; Q5JPF8; P38378; Q8N3U3
4646,Q9UM54; E1P540; Q5TEM5; A0A1Y0BRN3; Q5TEM6; Q5TEM7; A6H8V4; Q9BZZ7; Q9UEG2; A0A0D9SGC1; A0A0A0MRM8
56926,Q6FI60; Q96H48; Q969V3; Q96IS7; Q9BTX4; O75252; D6W613; Q9NPP2; Q8TAT7; Q6ZMB7; Q9BQH9
7415,Q0V924; V9HW80; Q9UCD5; B2R5T8; P55072; Q2TAI5; Q969G7
23193,B4DIW2; E9PKU7; Q9P0X0; F5H6X6; V9HWJ0; A6NC20; Q8WTS9; Q14697; B4DZ53; B4DSM6
2744,Q9UL07; Q9UL05; Q9UN40; Q68D38; Q9UL06; O94925
6774,A8K7B8; Q9BW54; P40763; K7ENL3; O14916
3091,Q9UPB1; Q53XP6; D0VY79; C0LZJ3; Q96PT9; Q16665
2339,P49354; Q9UDC1; A6NJW0; Q53XJ9
826,Q96EW0; A8K0P1; Q8WTX3; A0A0C4DGQ5; P04632
2274,Q14192; Q5TM15; Q561W1; Q2I5I4; Q2XQU9; Q6I9R8; Q13229; Q9P294; Q13644
70,P04270; P68032; B3KPP5
5682,Q53YE8; B4E0X6; A8K400; P25786; Q9BRV9
25818,Q53ZR3; Q9HBG8; Q9Y337; A0A024R4G4
155465,Q8TD06; A4D120
414899,Q8IZY5; A1L416
6768,Q9Y5Y6; Q9HCA3; Q9BS01; Q9HB36; Q9H3S0
9687,Q9H2Q8; Q4ZG55; A6NHD0; B5MDA9; Q7Z5S2; O60321; Q9H2Q7; Q9H2Q6; A6NKN0
10928,D3DUI0; Q15311
54904,D3DSX1; Q9H9W9; B7ZL11; Q1RMD3; Q3B796; Q9BZ95; Q9BYU8; Q6ZSA5; Q9NXA6; Q9BYU9; Q9H2M8
51129,Q9HBV4; A8MY84; B4E089; Q9BY76; Q9Y5B3; F5H0I2; Q53HQ6; Q6UXN0; Q53HU1; Q9NZU4; D6W670
29122,A0A140VJY3; Q9UI38
284366,Q9UKQ9; Q2XQG6; Q6QA55
478,F5H6J6; Q53ES0; Q969K5; B7Z2T0; Q16732; P13637; B7Z401; Q16735
29893,C5ILB7; Q9P2W1; K7ERB6; Q14458; Q8WXG2; A0A158RUX1; Q96HA2
11009,Q13007; Q5YLN8; Q53XZ7; Q2YHE5; Q96DB0; Q96KG4
5518,Q13773; Q96DH3; B3KQV6; A8K7B7; Q6ICQ3; P30153
147872,Q96MC3; Q8N6L0
931,P08984; A6NMS4; P11836; Q13963; B4DT24
23071,Q6UW14; Q5VWZ7; Q4VXC1; O60319; Q9BS26; Q8WX67
7295,B1ALW1; P10599; Q9UDG5; Q53X69; O60744; Q96KI3; H9ZYJ2
1147,O15111; O14666; Q5W0I4; Q13132; Q92467
958,Q5JY15; Q53GN5; Q9BYU0; Q5U007; A0A0S2Z3C7; E1P5S9; Q7M4Q8; Q6P2H9; Q86YK5; A0A0S2Z349; P25942
3551,O75327; B4E0U4; O14920; B4DZ30
4172,J3KQ69; Q9BTR3; P25205; Q9NUE7; Q92660; B4DUQ9; B4DWW4
4999,Q13204; A0A024R411; Q13416; Q53TX5
4171,Q8N2V1; Q9BRM7; Q15023; P49736; Q96AE1; Q14577; Q969W7
3185,Q96AU2; P52597; Q5T0N2; B3KM84; A0A024R7T3
9319,D3DTC0; Q15645; O15324; C9K0T3
4928,Q96E54; Q8WYB0; Q9Y6J4; Q9NT02; Q9UF57; Q9Y6J5; Q9UHX0; P52948; Q8IUT2; Q9H3Q4
8945,B5MD49; Q68DS0; Q9Y297; A0A0S2Z4P6; Q9Y213; B7Z3H4; Q5W141; B2R8L3; Q5W142
5888,B0FXP0; Q06609; Q6ZNA8; Q6FHX9; B2R8T6; Q9BV60
3956,Q9UDK5; B2R5E8; P09382
1969,Q8N3Z2; A0A024QZA8; B5A968; P29317
197,B2R7G1; A8K9N6; P02765; O14962; O14961; Q9P152
7536,Q15913; Q969H7; A0A024R566; C9JJE2; Q14819; Q15637; E7ESU3; A0A024R5D9; Q92744; A0A024R588; B4DX42; A0A024R572; B7Z1Q1; Q9UEI0; Q8IY00; Q9BW01; Q14818; Q92745
999,Q13799; Q14216; Q9UII7; Q15855; B3GN61; A8K1U7; Q16194; Q9UII8; A0A0U2ZQU7; P12830; Q4PJ14
408,Q9BTK8; O75625; O75630; P49407; B6V9G8; B7Z1Q3; Q2PP20
197131,Q68DN9; Q96JY4; O75492; O60708; Q8IWY6; Q8IWV7; Q14D45
6164,Q6FG66; Q9BUZ2; P49207
2060,P42566; B7Z240; Q5SRH4; B2R8J7; D3DPJ2
5905,Q96JJ2; P46060; Q9BSK3
10399,Q5VLR4; P99049; Q5J8M6; B3KTJ0; D3DWS0; P63244; P25388; Q53HU2; E9KL35; Q6FH47
6152,Q6IBS3; P83731; V9HW01; B2R4Y3; P38663
55379,B2RE83; D3DTX8; Q9P189; Q96AG4
10226,A0A140VJN8; Q9UBD7; A8K4Y9; Q53G77; O60664; K7EQF4; Q9BS03; Q9UP92
3875,Q5U0N8; P05783; Q53G38; A0A024RAY2; Q9BW26
7919,Q0EFA1; Q53GL9; Q5ST94; A0A024RCM3; Q13838; Q5STB5; Q5STU4; Q2L6F9; Q71V76; Q5STU5; O43496; Q5STU8; B0S8C0; Q5RJ66; Q5STB7; Q5STB8; Q5STU6; Q5RJ64; Q5STB4
5339,Q6S381; Q6S380; Q6S382; Q6S379; Q15148; Q6S383; Q6S378; Q6S376; Q6S377; Q16640; Q15149
1605,Q969J9; Q14118; A0A024R2W4; A8K6M7
57142,Q7L7Q6; Q96B16; Q9BXG5; O94962; Q9H212; Q8IUA4; Q9Y293; Q9UQ42; Q9H3I3; Q7L7Q5; Q7L7Q8; Q9NQC3; Q9Y5U6; Q9Y2Y7
6811,Q5U0D4; Q13190; Q9BUG1; F8W8Q9; B2R8T2; B4DKR0; Q7Z3T6
9223,A8K188; Q96QZ7; O43863; O75085; Q96QZ8; O00309; Q96QZ9
3856,Q6DHW5; Q14716; A8K4H3; P05787; Q6P4C7; Q96J60; F8VXB4; Q14717; Q6GMY0; B0AZN5; Q7L4M3; Q53GJ0; Q14099
6772,B2RCA0; D3DPI7; D2KFR8; Q53XW4; A8K989; Q9UDL5; Q53S88; P42224; Q68D00
6840,O60611; Q5VZK5; M1J557; Q569J5; Q9H1R7; O60612; O95425; D3DRW9; Q5VZK6
2801,Q08379; Q9NYF9; Q9BRB0; A0A0C4DGS5; Q6GRM9
3857,P35527; Q0IJ47; Q14665; O00109
22998,Q7Z3G5; Q9UPQ0; Q68E07; Q6PJ44; Q5CZB6; E9PHM7; B7Z2J4; G5EA03; Q5H9S8; Q8N6M2; E9PDJ9; Q8N3S9; B7Z656; D6RD46; A8MXC3; Q503B5; Q5CZB1
829,Q53FQ6; P52907; A0A024R0E5; Q6FHD5
8407,Q9BUH5; Q9H4P0; Q6FGI1; Q5JRQ6; Q5JRQ7; P37802; E9KL39
4430,Q7Z6L5; O43795; B0I1S9; E9PDF6; O43794
26064,Q7Z733; Q6V1W9; Q9P0K7; E9PED3; Q9Y3T5; Q9P2L2; Q7Z5I4
84445,Q8N3I0; Q9BRK4; B1AL14; Q96J79; D3DR72; B4DP66; Q96JL2
2010,Q6FI02; P50402
3181,Q9UDJ2; A0A024RA27; A8K064; P22626; A0A024RA61; Q9UC98; P22627
54888,A8K529; B3KP09; G3V1R4; Q9H858; Q9BVN4; Q08J23; B2RNR4; B4DQW2; Q9NXD9
10061,Q75MJ0; Q75MJ1; A0A090N7X1; Q9UG63; Q96TE8; O60864; A0A090N7Y2
4642,Q8NHP9; J3QRN6; J3KRL0; O94832; A6H8V3; Q8N618
4088,O09064; Q93002; Q9P0T0; P84022; B7Z9Q2; F5H383; A0A024R5Z3; O35273; O14510; Q9GKR4; B7Z4Z5; B7Z6M9; A8K4B6; Q92940; O09144
6232,Q5T4L6; P42677
6224,B2R4F4; Q5M8S9; B4DW28; P17075; P60866
6157,P46776; B2R4B3
282312,-
801,Q61379; P0DP25; P02593; Q61380; P0DP23; P0DP24; Q13942; Q53S29; P70667; Q96HK3; B4DJ51; P99014; E7ETZ0; P62158
9126,Q9UQE7; O60464; Q5T482; A8K156
6193,A0A024R4Q8; P46782; B2R4T2; Q96BN0
10051,B3KXX5; Q8NDL4; Q58F29; Q9NTJ3; Q9UNT9; E9PD53; A6NLT9; D3DNL8; O95752
5715,G3V1Q6; Q9BQ42; O00233; B2RD35
9025,Q5NKW5; B4DPG0; Q53H16; A8MYC0; O76064; A6NN24
10627,D3DUH6; J3QRS3; O14950; Q13182; Q7Z5Z4; P19105; Q53X45
7849,Q16337; Q4ZG35; Q96J49; A0A024R4X8; Q06710; R9W7C9; Q09155; Q16338; A0A024R524; Q16339
6155,A0A024R1V4; P61353; P08526; Q4G0A9
79155,Q9H682; D6RGJ2; B1AKS4; B3KTY8; D3DVQ9; Q9BQR6; Q8NFZ5; Q7L5L2
6885,B2RE27; Q5TDN3; Q5TDT7; Q9NTR3; O43318; Q5TDN2; E1P523; O43319; O43317; Q9NZ70
8744,P41273; Q2M3S2; A0A0U5J8I0
5802,A0A0A0MR60; Q13332; Q2M3R7; Q8NHS7; Q59FX6; O75255; Q16341; Q15718; O75870
80789,Q8N6W5; Q9C0G5; Q6P9B9
4318,Q9UCJ9; Q9UDK2; Q3LR70; P14780; Q9H4Z1; Q9UCL1; B2R7V9; Q8N725
5686,Q6IBF7; P28066; Q3T1C1; B4E2V4; B2R8F6; A0A109NGN6
6635,P62304; Q15498; P08578; Q5BKT2; B2R5B9
23112,Q9UPQ9; Q5TH52; Q8TBX2; A0A024R1N5; B4DGC0; B0QY73; B0QY78
3692,Q6IBN8; P56537; B7ZBG9; Q96TD5
9961,X5D2M8; Q9UBD1; Q96BG4; Q9BQT1; Q9BPW6; X5D7K9; Q14764; X5DNU0
128821,B2R5A1; A0A140VJH1; Q9H4G1
2119,Q6IBN5; B7Z7D7; A6NH46; P41161
6777,P51692; Q8WWS8
3717,O60674; A8K910; B4DYV1; O14636; O75297
6134,Q6FGN8; Q8TDA5; X5D2T3; D3DWW6; Q16470; Q53FH7; A0A087WV22; P27635; Q2HXT7; A3KQT0
1314,Q5T201; Q8IXZ9; P53621
159,B1AQM5; P30520; A0A024R5Q7; Q96EG7
54828,Q8WY55; Q8NDR8; Q8TDL9; Q9H957; Q05D99; Q8IXI6; Q9BVF0; Q9H6U6; Q9NXP4; Q6KF21; Q17RM0; Q9H9Y9; Q8TDM1; K7ESE9
1487,X5D8Y5; Q13363; Q4W5N3; Q7Z2Q5
5000,B7Z5F1; Q96C42; F5H069; Q96B14; B7Z3D0; O43929; D3DP86; A8K7H4
6667,Q86TN8; Q9H3Q5; Q9NR51; P08047; G5E9M8; Q9NY21; Q9NYE7; E4Z9M7
6235,P30054; A8MZ73; P62273
6431,E1P5W6; Q13244; Q13245; Q9UJB8; Q9Y3N7; Q96J06; Q13247; B7Z6J3
3855,Q92676; P08729; Q9BUD8; Q9Y3R7
85235,A3KPC7; Q96KK5
6136,P30050; Q5VVV2; Q6PB27
3849,Q4VAQ2; P35908
81858,D3DWL3; Q9H0F6; C0L3L2; Q8IXF6; Q8TB25; Q6PJD5; Q9BUE4; A6NEG3; Q8IXF5; Q8N2E7
142678,Q8N897; Q8N911; B3KV93; B3KVF4; B4DZ57; F8WA73; A2AGM5; Q8NG59; A2AGM6; Q8N8R2; Q8NG60; J3KNZ7; Q8NG61; E9PGU1; Q96AX9; Q8NI59; B3KXY1; Q8NCY1; Q7Z437; E9PHQ1; Q8IY62; Q8NB36; Q8WYN1; Q8N786
9908,A0A024RDE5; O60606; O75149; A0A024RDB2; Q9UPA1; A8K6X1; Q9UN86
85236,O60814; A0A024RCL8; Q2VPI7; A8K7P7
1933,P24534; A8K795; A0A024R3W7; Q6IBH9
54442,D3DU96; Q9NXV2
6421,P23246; P30808; Q5SZ71; Q86VG2
3880,Q6NW33; Q7L5M9; Q96A53; Q9BYF9; Q9P1Y4; Q5XG83; B2R874; Q96FV1; P08727
3852,Q6UBJ0; Q6PI71; Q8TA91; P13647
10521,Q59F66; B1AHM0; Q69YT1; Q6ICD6; A0A1W2PQ51; Q92841; H3BLZ8
6206,Q76M58; P25398
6230,B2R4M7; P25111; P62851
10454,Q2PP09; A8K6K3; Q8IZW2; Q15750
3858,Q14664; Q8N175; P13645
6207,P62277; B2R549; Q29200; Q498Y0; P19116; Q02546
9532,B4DXE2; Q08AS9; O95816; Q6FID0
3832,P52732; Q15716; Q5VWX0; A0AV49; B2RMV3
6428,B2R6F3; B4E241; O08831; P23152; P84103; Q5R3K0
1642,B2R648; A6NG77; Q13289; O15176; B4DG00; Q16531; Q58F96
3615,P12268; Q6LEF3
6176,A0A024R608; P05386; A6NIB2
6158,Q96FX1; E9PB24; G5E9L2; B2R4A6; P46779; B4DEP9; Q9BWQ0; C9JB50; Q6IAY0
9825,A8K0S9; Q9UM82; O94857; E1P626; B4DID4
6137,Q567Q8; F5H1S2; P26373; Q3KQT8; Q9BPX0; A8K4C8; B4DLX3
10808,Q5TBM6; A0A024RDS1; Q92598; A0A024RDQ0; A0A0A0MSM0; O95739; Q5TBM8; B4DYH1; Q9UPC4; Q5TBM7; B4DY72
6737,P19474; Q96RF8; Q5XPV5
257397,Q6VQR0; A6NDD9; Q8N5C8
117159,Q53YJ2; P58461; P81605; A5JHP2; A5JHP3
6181,A0A024RCA7; P05387; Q6FG96
292,Q6NVC0; P05141; O43350; B2RCV1
2521,Q9H4A8; Q6IBQ5; P35637; Q13344
1540,Q9NQC7; A0A024R6T1; Q7L3N6; Q96EH0; O94934; Q9NZX9
1207,Q9NRD3; B2RCS9; E9PJF4; Q9NRD2; J3KN38; P54105; Q0VDK6; E9PMI6
6613,Q32Q42; Q96HK1; A0A024R8S3; B2R4I2; P55855; Q6IPZ6; P61956
55234,Q9HA96; Q9NVD1; A8MXW4; B4E3L0; A0MNN4; Q2TAY7; Q9BU59
7169,V9HW25; Q5TCU4; P07951; P06468; A7XZE4; Q53FM4; A6NM85; Q9UH67; Q5TCU3; Q13894; Q5TCU7
4836,P30419; Q9UE09; A8K7C1
5832,B7Z350; Q3KQU2; P54886; B7Z5X8; D3DR44; Q5T566; Q5T567; B7ZLP1; O95952; Q9UM72; B2R5Q4
3614,Q8N194; B3KNP7; B3KRZ3; B4DE09; A4D0Z6; A6NNI6; B3KVM8; A6NDW5; A4D0Z7; C9JV30; J3KNX8; P20839; Q96NU2; Q6ZNB1
51646,Q65Z97; Q9D6M1; P62699; D6W568; Q8R174; Q9Y3C9; Q9UMX7
25852,Q6PIL2; B7Z637; A8K0L2; F5GWK4; B7Z453; Q96HZ5; Q8IUR7; Q9NV94; B7Z441; D3DNE6; Q96D19; Q9NV02; Q9Y4R9
10250,A0A0S2Z4Z6; B7Z7U0; Q8IYB3; A0A0S2Z4W1; O60585; Q5VVN4
1725,Q13184; A0A024R7E9; Q9UDG0; A0A024R7D0; A8K688; M0R1I5; Q13276; P49366
1728,B4DLR8; B2R5Y9; P15559; B4DNM7; Q86UK1; B7ZAD1
5500,Q6FG45; B2R5V4; Q5U087; P37140; P62140; V9HW04; D6W565
6778,A8K4S9; B4DQB3; A8K316; B7ZA27; Q5FBW5; Q71UP4; F5GXI9; P42226
6615,Q9UBP7; O95863; B2R842; Q9P113; Q9UHH7
5781,A8K1D9; Q96HD7; Q06124
4173,P33991; Q99658; B4DLA6; Q8NEH1; B3KMX0
8815,O60558; A0A024R5H0; Q6FGG7; O75531
10488,O43889; O14919; D0PTW6; Q5TCV1; Q96GK8; O14671; Q9H2W3; Q9UE77
3892,P78387; A8K872; O43790
5777,P29350; G3V0F8; Q53XS4; Q969V8; Q9UK67; A8K306
7069,B2R4W7; Q92748
79784,G8JLL9; C3TTN4; Q6XYE4; Q5CZ75; B3KWH4; Q7Z406; Q9BT27; Q9H882; B0I1S2; Q8WV23; Q96I22; Q9BW35; Q76B62; A1L2Z2
79932,Q96JJ0; Q8NDA0; O95010; Q7L1C9; B1AN13; Q6PJJ7; Q96IC3; Q9H7V0; Q9BUW6; Q8N2B3; Q8WYZ5; Q8IZA0; D3DPR8; Q8WY39
7704,Q8TAL4; A0A024R3C6; Q05516
2275,Q96C98; Q6I9T0; Q9BVA2; Q13643; D3DPT6
7297,Q6QB10; P29597; A0A024R7E4; Q96CH0
1653,B4DPN6; A3RJH1; Q92499; B4DME8
9209,Q9NXH5; A8K649; A8MXR0; B4DY63; Q9Y608; Q68CV3
1964,Q5JPS6; B2R5U5; Q5JPS5; Q0VGC2; P47813
4644,O60653; Q16249; A8MZC5; Q9UE30; A8CDT9; Q9Y4I1; Q07902; Q9UES4; Q9UE31
6281,A8K4V8; Q5T1C5; P60903; P08206
3710,Q14573; Q59ES2; A6H8K3; Q14649; Q5TAQ2
2314,Q13045; F5H407; B4DIL0; J3QLG3
23376,A0PJ53; Q8N765; Q9NTQ0; C0H5X5; O94874; B4DJ57
10318,B7Z8K2; O76008; B7Z699; A4F1W8; E7ET96; Q05KP4; Q6N077; A4F1X2; A4F1X4; A8K4N4; E7EPY1; Q9H1J3; Q99833; A4F1X7; A4F1X9; A0A0A0MRZ4; A4F1X5; Q96EL9; Q15025; Q05KP3; A4F1X6; A4F1W9
823,Q2TTR0; P07384; B2RDI5; B4DWH5; Q6DHV4
2539,Q8IU88; D3DWX9; Q96PQ2; Q8IU70; Q8IUA6; Q16000; P11413; Q16765
2683,Q12909; Q12911; Q14456; Q14523; W6MEN3; B2R710; P15291; D3DRL2; Q14509; Q12910
23327,B7Z2P9; Q7Z5F2; A0A024R2A4; Q7Z5F1; O43165; Q8WUU9; Q9BW58; B7Z6K0; Q9NT88; Q3LSM7; Q96PU5; Q7Z5N3; Q8N5A7; Q9H2W4
3912,Q8TAS6; G3XAI2; P07942; Q14D91
23411,Q5JVQ0; Q96EB6; Q9GZR9; A0A024QZQ1; A8K128; E9PC49; B0QZ35; Q2XNF6; Q9Y6F0
55871,A2RU55; Q9BRT8; Q6VBU6; A0A087X140; Q5VVK2; Q9NYD0; Q49AJ1; A8K3N3; B0AZR4; Q9BY38; Q7Z5Z0; Q7Z652
990,Q8TB30; Q99741; A0A024R1S2
3920,Q6Q3G8; P13473; D3DTF0; Q99534; Q16641; A8K4X5; Q96J30; Q9UD93
622,Q9BRZ4; Q02338; Q96ET1; D3DXC0
57610,Q6VN20; A4FTY2; R4GMX8; Q9P264; B4DID0; B4DQH9; E7EW27; B3KP49
79018,Q8IVV7; K4DI96; Q8TEB5; Q9BW50; B3KXL6
4289,Q9UL63; Q9NUS8; B4DG30; A6NG43; A4D1M8; Q9NSK4
57128,C9JRX8; C9JY28; A8K543; Q9HD34; F5H189; Q5XKP1
10961,C9J183; F8VY02; P30040; Q3MJC3; Q6FHT4; V9HW71
9054,Q9Y481; Q9Y697; E1P5R8; B4DXK9; F5GYK5; Q9NTZ5; Q6P0L8; B3KMA5; Q53FP3
64795,Q9H871; Q9H6W5; Q6NTF0; Q9H9H2; D6W5M6
6092,Q19AB4; Q19AB5; O43608; Q9HCK4
54928,A0A024R7W0; Q6NVY7; Q9NX62
4102,Q6FHI6; P43357
83460,Q9BV81
9451,Q53QY0; Q9NZJ5; A0AVH1; Q53SB1; O95846; Q68DI6; A0AVH2; B3KY45; E7ER02; B2RCU9
10505,Q542Y7; A0A087WYZ7; O95754; Q9NS35
284996,Q8NBY5; Q8NC42; Q53S14; Q8N5I8; Q8WUU3
3123,Q30142; Q5Y7B0; Q29975; Q29974; Q6T865; G0YWD3; Q3HUP9; P01912; A7X5J4; Q0PGR5; Q30120; D7RIH8; Q5Y7B9; O98212; Q30159; Q30166; P01911; Q3KTM1; Q56FN9; X5DNQ0; Q95383; Q30200; Q3LA84; Q5Y7D1; Q32MY7; Q29792; Q29790
10385,A0A024R038; E9PH07; A6NM84; Q8WVV5; B4DE97; O00480; B4DQ01
162466,Q17RU6; Q8TCT1; E9PAM0
6713,Q9UNR6; Q5HYI4; Q9UEK6; Q14534
5140,Q14408; B7ZM37; Q6SEI4; A7E2E5; O00639; Q13370
26507,Q9NT45; Q4QQH8; Q4QQG7; B7Z5S3; Q9NRU3; Q4QQP9; B4DKF7
23399,Q96GQ9; D3DTN7; O95476
3127,Q8WLR5; Q9XRX6; Q7M2H9; Q30199; Q8HWS7; Q30154; Q30126; B2RBV6; Q29703; O00283; O46700; Q29787; Q9MY54; Q29788; A0A2Z4LKS3; O00157; Q6SJR2; Q30150; C7C4X3
6432,C9JAB2; Q16629; G5E9M3; Q564D3; B4DLU6
93100,Q6XQN6; A7BFI3; Q6XQN5; Q6XQN4; Q9BRG0; Q8N5E8; Q6PJL1
117246,B2RCA5; Q9NXT6; Q8IY81; Q8WXX1; Q9BWM4; Q8N3A3; D3DU22
3009,Q14529; P16401; Q3MJ42
5099,O60247; Q4W5C4; O60245; O60246
90488,B3KMN9; Q8WUH6
5074,Q6FHY9; Q96IZ0; O75796; Q8N700
26993,Q9ULX6; O94792; Q9NRQ0; Q96J58; B4DJ74; B5BU90; Q9UGM0
5451,J3KP77; P14859; Q9BPV1; B4E029; Q5TBT7; Q6PK46; Q8NEU9; B1AL91; B1AL93; A0A024R8Y2
56888,Q53SC7; Q9UFE8; Q9H8P5; Q4ZG04; Q9BWK2; Q9P0J7
25831,Q96F34; Q86VJ1; Q9ULT8; D3DS86; Q6P445; Q9UFZ7
7170,B4DQ80; P12324; Q2QD06; A0A087WWU8; Q9NQH8; Q5VU71; Q969Q2; Q5VU58; Q5VU66; Q8TCG3; D3DV71; Q5VU72; A0A0S2Z4G4; Q5VU63; A0A0S2Z4I4; P06753
23291,B2RC98; Q9UKB1; Q9P2S8; B4DH70; Q9Y4C6; Q9P2S9
10616,O95623; Q86SL2; A6PVJ6; A6PVK0; Q9BYM8; Q96BS3; Q9BYM9
6732,Q12890; Q5R364; Q8IY12; B4DS61; Q96SB4; Q5R365
93,Q13705; Q4VAV0
2324,P35916; Q86W07; B5A926; Q86W08; Q16067; A8K6L4
3459,E1P587; P15260; Q53Y96; B4DFT7; A0A0S2Z3Y2; A0A2R8Y4U4
3460,P38484; Q9BTL5; A8K881; E7EUY1
3458,P01579; B5BU88; Q53ZV4
57120,Q9HD26; A6NM30; Q59FS4; Q969U8
1958,Q546S1; P18146
171392,Q8N211; Q8TD23
3554,B8ZZW4; P14778; Q587I7
23141,B3KSF8; Q8TAZ9; Q96DH4; A8KAG3; Q6P6A5; Q86XL3; O75176; B3KN97
84957,A0A024R5N3; Q969Z4; Q86V34; Q96JU1; Q9BUX7
79651,Q5YGQ8; A6NEM3; A8K801; Q6PJF5; Q5U607; Q9H6E9
3635,Q13544; Q9UE80; Q13545; Q92835; O00145; Q6P5A4; Q92656
3718,Q9Y6S2; Q13611; P52333; Q13260; Q13259; A0A024R7M7; Q99699; Q8N1E8
55813,Q9NYH9; Q9NQ91; Q8IX96; Q96BL2
55771,Q9NUZ7; Q9NXE9; Q96HE9; D2SNZ4
79990,Q7Z736; X6R3U4; Q59H20; C9JQ76; Q9H7D6; Q9NT18; Q96B28
79877,D3DX60; Q8WVC6; A8K3Z0; Q9BR71; Q9H5W1; D3DX62
343450,Q3SY59; Q5VTN1; Q6ZMT3; Q6UVM3; A9LNM6
9249,O75911; Q6UY38; Q9BUC8; B2R7F3; Q5VUY3
9088,Q99640; I3L1V2; Q0IJ49; F8W164; Q8TCM9; O14731; Q7LE24; B3KUN8; D3DUA4; B4DXD4
2887,A4D258; Q92948; O75222; Q13322; O00427; Q92907; A7VJ95; Q92606; A8K0E6; D3DVM9; O00701
221079,B0YIW9; Q96KC2
51114,Q9Y397; Q9BPY4; Q9NVL0; Q59EK4; D3DTF9; Q9NSP0; Q9NVR6; B4F6G2; Q5JSW5; Q8WWS7
3570,P08887; A0N0L5; Q16202; Q5FWG2; A8KAE8; Q53EQ7; Q5VZ23; A0A087WTB5; B2R6V4
3269,P35367; A8K047; Q6P9E5
51561,Q9NPF7; Q6NZ80; Q6NZ82; Q9H2A5
345778,Q5HYI7; Q7Z380; B4DL65; Q8NB92; E9PB57
60558,Q5XKM8; A0A024R9T3; Q9H710; Q9H8U4; Q8N442
132001,B4DIY7; Q96BW9; C9J2U4
22931,Q53FX8; B7Z5V3; D3DRW1; Q9NP72; Q6FIH1; B7Z4P9; Q56UN9; A0A087X163; B7Z333; B3KMC7
259217,B7Z2M8; O43301; A0A1B0GTF3
80021,Q9H5J6; Q0P6H9; Q6I9Y5
51042,B2R4S0; Q5T2H7; O00488
7133,Q16042; B1AJZ3; P20333; Q6YI29; Q9UIH1
7369,B3KP48; Q8IYG0; Q540J6; P07911; Q6ZS84; E9PEA4; B3KRN9
4050,P78370; Q5STB2; A8MQV6; Q99761; Q52LU8; Q06643
7780,Q71RC8; Q9BRI3
3957,P05162; Q6FGY4
91369,Q6AI12; A8IK34; Q96E32
51065,Q71UM5; Q9BTJ1
55920,Q9P258; Q9BSN6; Q9NPV8; Q8IVL9; A0A024RAC5
6169,P23411; P63173; B2R5A8; A0A024R8P8
805,Q61380; P0DP25; P02593; Q96HY3; P99014; Q96HK3; P0DP23; P0DP24; B4DJ51; Q61379; Q53S29; Q13942; P62158; P70667
8655,P63167; Q15701; Q6FGH9
8243,Q2M228; Q14683; Q68EN4; Q16351; G8JLG1; O14995
8318,Q9UP68; Q6UW54; O60856; B4DDB4; E9PDH7; B4DDU3; O75419; Q20WK8
84867,B7Z386; B3KXG7; Q8NDP8; Q8N2A1; B7ZAF5; Q86TL3; P54829; B7Z2F8; Q6P1Z2; D3DQY7
163183,A8MYE3; A8MRS0; Q8N205; Q7Z7L3
6440,B2RE00; E5RI64; A0A0A0MTC9; A6XNE4; E9PGX3; P11686; A0A0S2Z4Q0; P11687; Q12793; Q7Z5D0
1280,P02458; Q14009; Q14056; Q9UE38; Q6LBY1; Q6LBY3; Q99227; Q9UE40; Q9UE39; Q12985; Q1JQ82; Q96IT5; Q9UE41; Q14046; Q14045; Q14047; Q14058; Q16672; Q6LBY2; Q9UE43; A6NGA0; Q9UE42; Q2V4X7; Q14044
7057,Q59E99; B9EGH6; B4E3J7; P07996; Q15667; A8K6H4
140465,A0A024RB31; P14649
26521,G3XAN8; B0YJA5; Q9UN04; Q3KQS9; Q9Y5J9
54910,Q32MJ3; Q9C0C4; Q7Z5X0
56897,Q59ET8; Q53EP6; Q9NRJ6; Q96S55; Q8WV26; Q5W0E2; B2RDB0; Q5W0E4; Q9H681
4697,O00483; A0A024R9Z0; A4D109; Q6FHN5
84444,Q96JL1; Q8TEK3; O60379
57122,P57740; B4DZ67; Q6PJE1
9513,D3DTQ1; P51116; Q8WUM2; Q86V09; B2R9M2
6928,B4DKM3; A0A0C4DGS8; E0YMJ9; A0A087WZC2; P35680; Q6FHW6; E0YMJ6
54776,Q96HW1; Q6ZPD1; Q59FK8; Q9BZL4; B4DME2; Q9H5H5; Q7L8F7; Q9NT00
55291,Q9H2K5; Q9H2K6; Q5H9R7; Q68CR3; Q7L4R8; Q3I4Y0; H7BXH2; Q9HCL4; Q9NUY3; A0A024R5F3; Q3KR35; Q8N3B2; Q3B7I1; Q96MB2
57470,A0A024R4G1; Q8N1G4; Q9ULN5
6170,P39025; Q9BYF2; P62891; P02404
1952,Q5T2Y7; Q9HCU4; Q92566
341640,Q6ZSB4; Q5T6Q1; Q5SZK8; Q4QQG1; Q5H9N8; Q7Z341; Q6N057; Q7Z305
529,Q53Y06; A8MUN4; P36543; A8MUE4
6347,P13500; B2R4V3; Q9UDF3
2532,Q16300; Q9UJP0; Q9UKZ5; Q9UKZ6; Q5Y7A2; Q8WWE3; Q5Y7A1; A8YPG5; Q9UQE1; Q16570; O75898
12772,Q61172; Q543S8; Q3TRK1; P51683
9334,O43286; Q2M394; Q9UJQ8; E1P625
2219,O00602; Q92596; Q5VYV5
401115,-
23304,Q5TFH6; Q6ZUD0; Q8IWV8; Q4VXK2; Q6P2I2; O15057; B3KXG6
7042,Q59EG9; B4DKC5; Q4VAV9; Q15579; P61812; P08112; Q15581
9397,Q5VUC6; Q53Y38; B0YJ49; O60551; Q9BRB4; B3KT39; Q5VUC8
92304,Q96QR1; Q96PL0
6352,Q4ZGJ1; Q9NYA2; O43646; P13501; Q9UC99; Q0QVW8; Q9UBG2; A0A0G2JQ43; D0EI67
24137,Q86TN3; Q9UMW3; D3DVU4; Q9NY24; Q59HG1; B2R7V5; Q86XX7; Q9NNY6; O95239
64236,D3DSR5; Q86WM8; Q96JY6; Q7Z584; J3KNH4; Q8WZ29; Q9H7I2; Q9H4L9
391,Q8NI04; P35238; Q6ICQ8; P84095
9077,O95661; B3KMP3
2331,Q06828; Q15331; Q12833; B3KS64; A0A024R971; Q8IV47
3223,B2RBV2; Q6DK09; P09630
1634,P07585; Q9Y5N8; Q9P0Z0; Q9Y5N9; A0A024RBG6; Q6FH10; Q9P0Z1
10116,O43146; Q9UK73
134492,B2R4V0; Q8WVJ2
57504,D6W5A2; Q9BTC8; Q9ULF4; Q9NSP2
5650,Q8N5N9; A8K0U5; P49862; B4DHX9; A0A024R4H6; Q8NFV7
80381,Q6P5Y4; Q8NBI8; A0A0C4DGH0; A8K9J6; Q9BXR1; Q8NC34; Q8NCB6; Q5ZPR3; Q6UXI2
4756,Q92859; Q59FP8; H0YNI3; B7ZKM9; B7ZKN0; Q17RX1; O00340
90268,Q96BN8; D3DTD3; Q96IA3; Q8NAS0
90161,B9WRT5; E9PDY5; Q96MM7; B9WRT4; Q96SJ4; Q86SM9; Q8N3T4; Q4VC07; Q8NBN4; Q6PIC4; Q2TB13
6782,A0A140VK72; B2R616; P48723; Q8NE40
53,P11117; B7Z8T9; B7Z4Z2; Q9BTU7; B7Z6L8; E9PHY0; E9PCI1; B7Z6T8; Q561W5; B7Z7D2; B7Z552; E9PQY3
5868,A0A024R2K1; P20339; Q6FI44; B4DJA5
80213,B2RDK9; B4DLL2; Q9H651; H0YNS4; Q9BRN9; E7EPS7; Q9H046
11269,A0A0U4B4U6; Q9UMR2; E7EMK4; Q6FIB7; Q96KE7; A0A024QZ90; H3BQK0; B4DL69; Q9H0U0; Q6IAE0; B3KNE9; B4DXS6
374383,Q7Z3M6; Q68D85
5362,Q96GN9; B2RMX7; Q9BRL1; A2RTX9; O75051; Q6UX61; Q9UIW1
7124,O43647; Q9UIV3; Q9P1Q2; Q5STB3; P01375; E7DB75
8829,Q6X907; Q5T7F2; Q59F20; Q86T59; O60461; Q96IH5; Q68DN3; B0LPG9; O14786; Q5T7F3; Q6AWA9; Q96I90; Q5T7F1; A8K9V7
91304,B3KTL0; Q8NF79; Q96H30; Q4ZIN3; O60392
343477,-
10058,Q59GQ5; Q6ZME6; Q9NP58; O75542; Q96ME8; Q9HAQ6; Q49A66; Q9HAQ7
2710,Q9UMP1; Q6IQ27; P32189; Q9UMP0; B4DH54; B2R833; A6NJP5; Q8IVR5
1362,Q86SH9; O15377; F5GZH6; O75976; Q86XE6; B7Z7T9; B7ZAU4
140609,A6NGT8; A0A024R964; Q8TDX7; B2R8K8
27161,Q8TCZ5; Q8WV58; Q96ID1; Q9UKV8
7455,F5H0T8; Q9Y493; Q9BZ84; Q9BZ86; A0A087WU49; D6W5W4; O00218; Q96L86; Q96L90; Q96L85; Q96L87; B4DYT6; Q96L88; Q9BZ87; Q9BZ88; Q96L89; Q9BZ83; Q9BXN9; A0FKC8; Q9BZ85
852804,D6VU68; P05737; P87029
856371,P38701; D3DKP7
850343,D6VQZ7; P25374
854664,P39076; D6VVE5
851636,P05756; D6VS50
853447,D6VWG8; P47079
855543,P05750; D6W107
854229,P14126; Q08459; D6W2C6
853587,D6VWU2; P26783
855972,P26321; D6W3N6
855645,Q45TY1; D6W1A0; P17536
850764,P41805; D6VY76
856422,P38764; D3DKX4
373984,Q9DEA3
444874,O97577; Q862M4; P02248; Q91888; Q01235; Q29120; Q3T0V5; Q862C1; Q28170; Q862T5; Q24K23; P0CG52; P62990; Q862F4; Q91887; P0CH28; P02249; P80169; Q28169; Q3ZCE3; Q862X8; P02250
1234,Q38L21; O14707; O14704; O14701; O14703; O14698; O14692; O14708; P51681; O14702; O14705; O14706; Q9UPA4; O14695; O14696; O14700; O14697; O15538; O14693; O14699
3115,O00259; P01916; Q29684; Q30015; Q30050; Q30051; Q5EP46; Q5YLA6; Q6PWX6; A0PFJ7; Q9GIX6; C0MPQ7; O98217; Q29775; Q2MGW3; Q30054; Q5EP47; Q5ISH5; Q6LBX2; I4EC15; Q95IT7; B9W6F9; Q9XS11; O19749; P04232; Q29779; Q5EP49; C0MPP5; O98218; Q29778; Q5ENW3; Q5EP52; P04440; Q8HWL7; Q9GIM2; Q0P0L4; B5U8B4; Q27S71; B8ZX68; Q4JHD8; Q5ENE1; Q5EP51; Q6LBX7; Q95HC1; Q9GIM4; Q30053; Q5I4H8; Q6LBX4; Q6LBX6; O98216; Q29827; Q29898; Q29977; Q9BD13; Q9TQE2; O98223; P79608; Q29879; Q29880; B8ZYT0; Q5SQ73; Q8SNC4; Q9MY67; Q6TAS4; Q7YQ10; Q95IT8; Q9TNT7; C0MPQ5; O19702; O77952; O98222; B7VF80; Q30174; Q5ENE0; Q6LBX5; Q714U2; Q8HWT5; C0MPQ3; C0MPQ6; C4R9J5; C5IZL1; O46884; A8YPB3; Q30034; Q5EP56; B9W5S8; Q6LBX3; Q860Z7; C0MPQ2; P13763; Q0ZFN3; Q29682; Q29781; Q29828; Q30032; Q4GY31; O98215; O98219; Q29698; Q29714; Q30031; Q9GJ41; O19698; O19700; B7VF87; Q30033; Q30052; Q5EP53; Q714U1; B9W6F7; Q9XS12; P79493; Q29776; Q30055; A5I886; Q14279; Q5I4H9; Q5ISH4; Q5STP2; Q6IVX1
3553,Q7M4S7; Q96HE5; Q7RU01; P01584; Q53X59; Q9UCT6; Q53XX2
3566,H3BSY5; Q9H188; B9EKU8; P24394; Q9H184; Q9H181; Q9H183; Q9H185; Q9H182; Q9H186; Q96P01; B4E076; Q9H187; B2RBY1
3569,Q9UCU2; B4DNQ5; Q9UCU3; Q9UCU4; B4DVM1; P05231; Q75MH2; B5MC21
3587,A8K6I0; Q13651; B0YJ27
3593,P29460
4048,Q6IAT6; F8VV40; P09960; A0A140VK27; Q9UCT7; B4DNQ9
4049,P01374; Q5HYS4; Q8N4C3; Q5STV3; Q9UKS8
4283,Q503B4; Q07325
7040,A8K792; Q9UCG4; P01137
11136,B2R9A6; P82251
832208,A0A178UQK2; P94102
850646,D6VXY8; Q12431
856291,D6W4G3; P54791
